URL,Last crawled
https://www.lalafashion.store/category/watches,1970-01-01
https://www.lalafashion.store/product/babyliss,1970-01-01
https://www.lalafashion.store/product/daling-professional-hair-clipper,1970-01-01
https://www.lalafashion.store/product/hair-dryer-and-styler,1970-01-01
https://www.lalafashion.store/product/handheld-desktop-mini-fan,1970-01-01
https://www.lalafashion.store/product/handheld-fan-t-10-mini-fan,1970-01-01
https://www.lalafashion.store/product/kemei-4-in-1-shaver-suit-km-3024,1970-01-01
https://www.lalafashion.store/product/kemei-hair-clipper-model-km-3293,1970-01-01
https://www.lalafashion.store/product/kemei-professional-hair-clipper,1970-01-01
https://www.lalafashion.store/product/kogey-professional-hair-clipper,1970-01-01
https://www.lalafashion.store/product/pro-wax100-professional-electric-wax-warmer,1970-01-01
https://www.lalafashion.store/product/remington-curling-wand-rm-6045,1970-01-01
https://www.lalafashion.store/product/remington-hair-iron,1970-01-01
https://www.lalafashion.store/product/remington-hair-straightener,1970-01-01
https://www.lalafashion.store/product/remington-salon-hair-dry,1970-01-01
https://www.lalafashion.store/product/reminton-hair-iron-professional,1970-01-01
https://www.lalafashion.store/product/simple-hand-fan,1970-01-01
https://www.lalafashion.store/product/tissot-1853,1970-01-01
https://www.lalafashion.store/product/vgr-professional-men-s-shaver,1970-01-01
https://www.lalafashion.store/product/waer-professional-cordless-hair-clipper,1970-01-01
https://www.lalafashion.store/shipment-policy,1970-01-01